"STATION","NAME","LATITUDE","LONGITUDE","ELEVATION","DATE","TAVG","TMAX","TMIN"
"USW00053907","ARLINGTON MUNICIPAL AIRPORT, TX US","32.65832","-97.09509","179.7","2022-01-01",,"76","24"
"USW00053907","ARLINGTON MUNICIPAL AIRPORT, TX US","32.65832","-97.09509","179.7","2022-01-02",,"41","19"
"USW00053907","ARLINGTON MUNICIPAL AIRPORT, TX US","32.65832","-97.09509","179.7","2022-01-03",,"56","19"
"USW00053907","ARLINGTON MUNICIPAL AIRPORT, TX US","32.65832","-97.09509","179.7","2022-01-04",,"66","32"
"USW00053907","ARLINGTON MUNICIPAL AIRPORT, TX US","32.65832","-97.09509","179.7","2022-01-05",,"62","32"
"USW00053907","ARLINGTON MUNICIPAL AIRPORT, TX US","32.65832","-97.09509","179.7","2022-01-06",,"44","27"
"USW00053907","ARLINGTON MUNICIPAL AIRPORT, TX US","32.65832","-97.09509","179.7","2022-01-07",,"49","23"
"USW00053907","ARLINGTON MUNICIPAL AIRPORT, TX US","32.65832","-97.09509","179.7","2022-01-08",,"64","46"
"USW00053907","ARLINGTON MUNICIPAL AIRPORT, TX US","32.65832","-97.09509","179.7","2022-01-09",,"63","43"
"USW00053907","ARLINGTON MUNICIPAL AIRPORT, TX US","32.65832","-97.09509","179.7","2022-01-10",,"56","29"
"USW00053907","ARLINGTON MUNICIPAL AIRPORT, TX US","32.65832","-97.09509","179.7","2022-01-11",,"60","24"
"USW00053907","ARLINGTON MUNICIPAL AIRPORT, TX US","32.65832","-97.09509","179.7","2022-01-12",,"64","33"
"USW00053907","ARLINGTON MUNICIPAL AIRPORT, TX US","32.65832","-97.09509","179.7","2022-01-13",,"76","30"
"USW00053907","ARLINGTON MUNICIPAL AIRPORT, TX US","32.65832","-97.09509","179.7","2022-01-14",,"78","34"
"USW00053907","ARLINGTON MUNICIPAL AIRPORT, TX US","32.65832","-97.09509","179.7","2022-01-15",,"52","32"
"USW00053907","ARLINGTON MUNICIPAL AIRPORT, TX US","32.65832","-97.09509","179.7","2022-01-16",,"55","28"
"USW00053907","ARLINGTON MUNICIPAL AIRPORT, TX US","32.65832","-97.09509","179.7","2022-01-17",,"66","25"
"USW00053907","ARLINGTON MUNICIPAL AIRPORT, TX US","32.65832","-97.09509","179.7","2022-01-18",,"76","38"
"USW00053907","ARLINGTON MUNICIPAL AIRPORT, TX US","32.65832","-97.09509","179.7","2022-01-19",,"62","36"
"USW00053907","ARLINGTON MUNICIPAL AIRPORT, TX US","32.65832","-97.09509","179.7","2022-01-20",,"39","26"
"USW00053907","ARLINGTON MUNICIPAL AIRPORT, TX US","32.65832","-97.09509","179.7","2022-01-21",,"45","19"
"USW00053907","ARLINGTON MUNICIPAL AIRPORT, TX US","32.65832","-97.09509","179.7","2022-01-22",,"52","20"
"USW00053907","ARLINGTON MUNICIPAL AIRPORT, TX US","32.65832","-97.09509","179.7","2022-01-23",,"67","24"
"USW00053907","ARLINGTON MUNICIPAL AIRPORT, TX US","32.65832","-97.09509","179.7","2022-01-24",,"57","35"
"USW00053907","ARLINGTON MUNICIPAL AIRPORT, TX US","32.65832","-97.09509","179.7","2022-01-25",,"59","39"
"USW00053907","ARLINGTON MUNICIPAL AIRPORT, TX US","32.65832","-97.09509","179.7","2022-01-26",,"51","32"
"USW00053907","ARLINGTON MUNICIPAL AIRPORT, TX US","32.65832","-97.09509","179.7","2022-01-27",,"52","29"
"USW00053907","ARLINGTON MUNICIPAL AIRPORT, TX US","32.65832","-97.09509","179.7","2022-01-28",,"58","30"
"USW00053907","ARLINGTON MUNICIPAL AIRPORT, TX US","32.65832","-97.09509","179.7","2022-01-29",,"69","24"
"USW00053907","ARLINGTON MUNICIPAL AIRPORT, TX US","32.65832","-97.09509","179.7","2022-01-30",,"73","30"
"USW00053907","ARLINGTON MUNICIPAL AIRPORT, TX US","32.65832","-97.09509","179.7","2022-01-31",,"67","47"
"USW00053907","ARLINGTON MUNICIPAL AIRPORT, TX US","32.65832","-97.09509","179.7","2022-02-01",,"72","50"
"USW00053907","ARLINGTON MUNICIPAL AIRPORT, TX US","32.65832","-97.09509","179.7","2022-02-02",,"57","33"
"USW00053907","ARLINGTON MUNICIPAL AIRPORT, TX US","32.65832","-97.09509","179.7","2022-02-03",,"33","20"
"USW00053907","ARLINGTON MUNICIPAL AIRPORT, TX US","32.65832","-97.09509","179.7","2022-02-04",,"36","20"
"USW00053907","ARLINGTON MUNICIPAL AIRPORT, TX US","32.65832","-97.09509","179.7","2022-02-05",,"48","17"
"USW00053907","ARLINGTON MUNICIPAL AIRPORT, TX US","32.65832","-97.09509","179.7","2022-02-06",,"57","28"
"USW00053907","ARLINGTON MUNICIPAL AIRPORT, TX US","32.65832","-97.09509","179.7","2022-02-07",,"60","30"
"USW00053907","ARLINGTON MUNICIPAL AIRPORT, TX US","32.65832","-97.09509","179.7","2022-02-08",,"68","26"
"USW00053907","ARLINGTON MUNICIPAL AIRPORT, TX US","32.65832","-97.09509","179.7","2022-02-09",,"70","28"
"USW00053907","ARLINGTON MUNICIPAL AIRPORT, TX US","32.65832","-97.09509","179.7","2022-02-10",,"72","30"
"USW00053907","ARLINGTON MUNICIPAL AIRPORT, TX US","32.65832","-97.09509","179.7","2022-02-11",,"78","40"
"USW00053907","ARLINGTON MUNICIPAL AIRPORT, TX US","32.65832","-97.09509","179.7","2022-02-12",,"58","28"
"USW00053907","ARLINGTON MUNICIPAL AIRPORT, TX US","32.65832","-97.09509","179.7","2022-02-13",,"66","23"
"USW00053907","ARLINGTON MUNICIPAL AIRPORT, TX US","32.65832","-97.09509","179.7","2022-02-14",,"72","31"
"USW00053907","ARLINGTON MUNICIPAL AIRPORT, TX US","32.65832","-97.09509","179.7","2022-02-15",,"73","43"
"USW00053907","ARLINGTON MUNICIPAL AIRPORT, TX US","32.65832","-97.09509","179.7","2022-02-16",,"68","61"
"USW00053907","ARLINGTON MUNICIPAL AIRPORT, TX US","32.65832","-97.09509","179.7","2022-02-17",,"68","32"
"USW00053907","ARLINGTON MUNICIPAL AIRPORT, TX US","32.65832","-97.09509","179.7","2022-02-18",,"55","25"
"USW00053907","ARLINGTON MUNICIPAL AIRPORT, TX US","32.65832","-97.09509","179.7","2022-02-19",,"66","25"
"USW00053907","ARLINGTON MUNICIPAL AIRPORT, TX US","32.65832","-97.09509","179.7","2022-02-20",,"67","38"
"USW00053907","ARLINGTON MUNICIPAL AIRPORT, TX US","32.65832","-97.09509","179.7","2022-02-21",,"84","58"
"USW00053907","ARLINGTON MUNICIPAL AIRPORT, TX US","32.65832","-97.09509","179.7","2022-02-22",,"73","36"
"USW00053907","ARLINGTON MUNICIPAL AIRPORT, TX US","32.65832","-97.09509","179.7","2022-02-23",,"35","24"
"USW00053907","ARLINGTON MUNICIPAL AIRPORT, TX US","32.65832","-97.09509","179.7","2022-02-24",,"30","23"
"USW00053907","ARLINGTON MUNICIPAL AIRPORT, TX US","32.65832","-97.09509","179.7","2022-02-25",,"38","24"
"USW00053907","ARLINGTON MUNICIPAL AIRPORT, TX US","32.65832","-97.09509","179.7","2022-02-26",,"41","35"
"USW00053907","ARLINGTON MUNICIPAL AIRPORT, TX US","32.65832","-97.09509","179.7","2022-02-27",,"58","28"
"USW00053907","ARLINGTON MUNICIPAL AIRPORT, TX US","32.65832","-97.09509","179.7","2022-02-28",,"67","22"
"USW00053907","ARLINGTON MUNICIPAL AIRPORT, TX US","32.65832","-97.09509","179.7","2022-03-01",,"75","29"
"USW00053907","ARLINGTON MUNICIPAL AIRPORT, TX US","32.65832","-97.09509","179.7","2022-03-02",,"79","38"
"USW00053907","ARLINGTON MUNICIPAL AIRPORT, TX US","32.65832","-97.09509","179.7","2022-03-03",,"80","38"
"USW00053907","ARLINGTON MUNICIPAL AIRPORT, TX US","32.65832","-97.09509","179.7","2022-03-04",,"74","47"
"USW00053907","ARLINGTON MUNICIPAL AIRPORT, TX US","32.65832","-97.09509","179.7","2022-03-05",,"79","65"
"USW00053907","ARLINGTON MUNICIPAL AIRPORT, TX US","32.65832","-97.09509","179.7","2022-03-06",,"80","41"
"USW00053907","ARLINGTON MUNICIPAL AIRPORT, TX US","32.65832","-97.09509","179.7","2022-03-07",,"52","38"
"USW00053907","ARLINGTON MUNICIPAL AIRPORT, TX US","32.65832","-97.09509","179.7","2022-03-08",,"49","30"
"USW00053907","ARLINGTON MUNICIPAL AIRPORT, TX US","32.65832","-97.09509","179.7","2022-03-09",,"60","24"
"USW00053907","ARLINGTON MUNICIPAL AIRPORT, TX US","32.65832","-97.09509","179.7","2022-03-10",,"68","35"
"USW00053907","ARLINGTON MUNICIPAL AIRPORT, TX US","32.65832","-97.09509","179.7","2022-03-11",,"44","30"
"USW00053907","ARLINGTON MUNICIPAL AIRPORT, TX US","32.65832","-97.09509","179.7","2022-03-12",,"59","20"
"USW00053907","ARLINGTON MUNICIPAL AIRPORT, TX US","32.65832","-97.09509","179.7","2022-03-13",,"66","36"
"USW00053907","ARLINGTON MUNICIPAL AIRPORT, TX US","32.65832","-97.09509","179.7","2022-03-14",,"77","49"
"USW00053907","ARLINGTON MUNICIPAL AIRPORT, TX US","32.65832","-97.09509","179.7","2022-03-15",,"73","45"
"USW00053907","ARLINGTON MUNICIPAL AIRPORT, TX US","32.65832","-97.09509","179.7","2022-03-16",,"81","37"
"USW00053907","ARLINGTON MUNICIPAL AIRPORT, TX US","32.65832","-97.09509","179.7","2022-03-17",,"76","56"
"USW00053907","ARLINGTON MUNICIPAL AIRPORT, TX US","32.65832","-97.09509","179.7","2022-03-18",,"67","41"
"USW00053907","ARLINGTON MUNICIPAL AIRPORT, TX US","32.65832","-97.09509","179.7","2022-03-19",,"77","33"
"USW00053907","ARLINGTON MUNICIPAL AIRPORT, TX US","32.65832","-97.09509","179.7","2022-03-20",,"81","50"
"USW00053907","ARLINGTON MUNICIPAL AIRPORT, TX US","32.65832","-97.09509","179.7","2022-03-21",,"74","53"
"USW00053907","ARLINGTON MUNICIPAL AIRPORT, TX US","32.65832","-97.09509","179.7","2022-03-22",,"57","47"
"USW00053907","ARLINGTON MUNICIPAL AIRPORT, TX US","32.65832","-97.09509","179.7","2022-03-23",,"65","38"
"USW00053907","ARLINGTON MUNICIPAL AIRPORT, TX US","32.65832","-97.09509","179.7","2022-03-24",,"69","32"
"USW00053907","ARLINGTON MUNICIPAL AIRPORT, TX US","32.65832","-97.09509","179.7","2022-03-25",,"83","34"
"USW00053907","ARLINGTON MUNICIPAL AIRPORT, TX US","32.65832","-97.09509","179.7","2022-03-26",,"86","47"
"USW00053907","ARLINGTON MUNICIPAL AIRPORT, TX US","32.65832","-97.09509","179.7","2022-03-27",,"95","47"
"USW00053907","ARLINGTON MUNICIPAL AIRPORT, TX US","32.65832","-97.09509","179.7","2022-03-28",,"86","60"
"USW00053907","ARLINGTON MUNICIPAL AIRPORT, TX US","32.65832","-97.09509","179.7","2022-03-29",,"80","68"
"USW00053907","ARLINGTON MUNICIPAL AIRPORT, TX US","32.65832","-97.09509","179.7","2022-03-30",,"76","42"
"USW00053907","ARLINGTON MUNICIPAL AIRPORT, TX US","32.65832","-97.09509","179.7","2022-03-31",,"71","39"
"USW00053907","ARLINGTON MUNICIPAL AIRPORT, TX US","32.65832","-97.09509","179.7","2022-04-01",,"76","40"
"USW00053907","ARLINGTON MUNICIPAL AIRPORT, TX US","32.65832","-97.09509","179.7","2022-04-02",,"78","50"
"USW00053907","ARLINGTON MUNICIPAL AIRPORT, TX US","32.65832","-97.09509","179.7","2022-04-03",,"85","49"
"USW00053907","ARLINGTON MUNICIPAL AIRPORT, TX US","32.65832","-97.09509","179.7","2022-04-04",,"81","59"
"USW00053907","ARLINGTON MUNICIPAL AIRPORT, TX US","32.65832","-97.09509","179.7","2022-04-05",,"95","55"
"USW00053907","ARLINGTON MUNICIPAL AIRPORT, TX US","32.65832","-97.09509","179.7","2022-04-06",,"76","54"
"USW00053907","ARLINGTON MUNICIPAL AIRPORT, TX US","32.65832","-97.09509","179.7","2022-04-07",,"71","47"
"USW00053907","ARLINGTON MUNICIPAL AIRPORT, TX US","32.65832","-97.09509","179.7","2022-04-08",,"69","42"
"USW00053907","ARLINGTON MUNICIPAL AIRPORT, TX US","32.65832","-97.09509","179.7","2022-04-09",,"88","35"
"USW00053907","ARLINGTON MUNICIPAL AIRPORT, TX US","32.65832","-97.09509","179.7","2022-04-10",,"83","62"
"USW00053907","ARLINGTON MUNICIPAL AIRPORT, TX US","32.65832","-97.09509","179.7","2022-04-11",,"88","71"
"USW00053907","ARLINGTON MUNICIPAL AIRPORT, TX US","32.65832","-97.09509","179.7","2022-04-12",,"84","64"
"USW00053907","ARLINGTON MUNICIPAL AIRPORT, TX US","32.65832","-97.09509","179.7","2022-04-13",,"81","60"
"USW00053907","ARLINGTON MUNICIPAL AIRPORT, TX US","32.65832","-97.09509","179.7","2022-04-14",,"77","50"
"USW00053907","ARLINGTON MUNICIPAL AIRPORT, TX US","32.65832","-97.09509","179.7","2022-04-15",,"84","57"
"USW00053907","ARLINGTON MUNICIPAL AIRPORT, TX US","32.65832","-97.09509","179.7","2022-04-16",,"84","59"
"USW00053907","ARLINGTON MUNICIPAL AIRPORT, TX US","32.65832","-97.09509","179.7","2022-04-17",,"80","58"
"USW00053907","ARLINGTON MUNICIPAL AIRPORT, TX US","32.65832","-97.09509","179.7","2022-04-18",,"75","53"
"USW00053907","ARLINGTON MUNICIPAL AIRPORT, TX US","32.65832","-97.09509","179.7","2022-04-19",,"76","52"
"USW00053907","ARLINGTON MUNICIPAL AIRPORT, TX US","32.65832","-97.09509","179.7","2022-04-20",,"89","66"
"USW00053907","ARLINGTON MUNICIPAL AIRPORT, TX US","32.65832","-97.09509","179.7","2022-04-21",,"85","73"
"USW00053907","ARLINGTON MUNICIPAL AIRPORT, TX US","32.65832","-97.09509","179.7","2022-04-22",,"87","71"
"USW00053907","ARLINGTON MUNICIPAL AIRPORT, TX US","32.65832","-97.09509","179.7","2022-04-23",,"85","70"
"USW00053907","ARLINGTON MUNICIPAL AIRPORT, TX US","32.65832","-97.09509","179.7","2022-04-24",,"84","60"
"USW00053907","ARLINGTON MUNICIPAL AIRPORT, TX US","32.65832","-97.09509","179.7","2022-04-25",,"69","56"
"USW00053907","ARLINGTON MUNICIPAL AIRPORT, TX US","32.65832","-97.09509","179.7","2022-04-26",,"75","46"
"USW00053907","ARLINGTON MUNICIPAL AIRPORT, TX US","32.65832","-97.09509","179.7","2022-04-27",,"79","49"
"USW00053907","ARLINGTON MUNICIPAL AIRPORT, TX US","32.65832","-97.09509","179.7","2022-04-28",,"83","64"
"USW00053907","ARLINGTON MUNICIPAL AIRPORT, TX US","32.65832","-97.09509","179.7","2022-04-29",,"82","70"
"USW00053907","ARLINGTON MUNICIPAL AIRPORT, TX US","32.65832","-97.09509","179.7","2022-04-30",,"84","56"
"USW00053907","ARLINGTON MUNICIPAL AIRPORT, TX US","32.65832","-97.09509","179.7","2022-05-01",,"85","51"
"USW00053907","ARLINGTON MUNICIPAL AIRPORT, TX US","32.65832","-97.09509","179.7","2022-05-02",,"86","66"
"USW00053907","ARLINGTON MUNICIPAL AIRPORT, TX US","32.65832","-97.09509","179.7","2022-05-03",,"77","54"
"USW00053907","ARLINGTON MUNICIPAL AIRPORT, TX US","32.65832","-97.09509","179.7","2022-05-04",,"87","61"
"USW00053907","ARLINGTON MUNICIPAL AIRPORT, TX US","32.65832","-97.09509","179.7","2022-05-05",,"79","56"
"USW00053907","ARLINGTON MUNICIPAL AIRPORT, TX US","32.65832","-97.09509","179.7","2022-05-06",,"86","54"
"USW00053907","ARLINGTON MUNICIPAL AIRPORT, TX US","32.65832","-97.09509","179.7","2022-05-07",,"90","70"
"USW00053907","ARLINGTON MUNICIPAL AIRPORT, TX US","32.65832","-97.09509","179.7","2022-05-08",,"93","75"
"USW00053907","ARLINGTON MUNICIPAL AIRPORT, TX US","32.65832","-97.09509","179.7","2022-05-09",,"92","76"
"USW00053907","ARLINGTON MUNICIPAL AIRPORT, TX US","32.65832","-97.09509","179.7","2022-05-10",,"91","78"
"USW00053907","ARLINGTON MUNICIPAL AIRPORT, TX US","32.65832","-97.09509","179.7","2022-05-11",,"90","71"
"USW00053907","ARLINGTON MUNICIPAL AIRPORT, TX US","32.65832","-97.09509","179.7","2022-05-12",,"92","70"
"USW00053907","ARLINGTON MUNICIPAL AIRPORT, TX US","32.65832","-97.09509","179.7","2022-05-13",,"93","69"
"USW00053907","ARLINGTON MUNICIPAL AIRPORT, TX US","32.65832","-97.09509","179.7","2022-05-14",,"93","64"
"USW00053907","ARLINGTON MUNICIPAL AIRPORT, TX US","32.65832","-97.09509","179.7","2022-05-15",,"95","69"
"USW00053907","ARLINGTON MUNICIPAL AIRPORT, TX US","32.65832","-97.09509","179.7","2022-05-16",,"93","65"
"USW00053907","ARLINGTON MUNICIPAL AIRPORT, TX US","32.65832","-97.09509","179.7","2022-05-17",,"95","73"
"USW00053907","ARLINGTON MUNICIPAL AIRPORT, TX US","32.65832","-97.09509","179.7","2022-05-18",,"95","73"
"USW00053907","ARLINGTON MUNICIPAL AIRPORT, TX US","32.65832","-97.09509","179.7","2022-05-19",,"95","72"
"USW00053907","ARLINGTON MUNICIPAL AIRPORT, TX US","32.65832","-97.09509","179.7","2022-05-20",,"94","75"
"USW00053907","ARLINGTON MUNICIPAL AIRPORT, TX US","32.65832","-97.09509","179.7","2022-05-21",,"92","65"
"USW00053907","ARLINGTON MUNICIPAL AIRPORT, TX US","32.65832","-97.09509","179.7","2022-05-22",,"74","62"
"USW00053907","ARLINGTON MUNICIPAL AIRPORT, TX US","32.65832","-97.09509","179.7","2022-05-23",,"81","62"
"USW00053907","ARLINGTON MUNICIPAL AIRPORT, TX US","32.65832","-97.09509","179.7","2022-05-24",,"78","60"
"USW00053907","ARLINGTON MUNICIPAL AIRPORT, TX US","32.65832","-97.09509","179.7","2022-05-25",,"74","56"
"USW00053907","ARLINGTON MUNICIPAL AIRPORT, TX US","32.65832","-97.09509","179.7","2022-05-26",,"89","51"
"USW00053907","ARLINGTON MUNICIPAL AIRPORT, TX US","32.65832","-97.09509","179.7","2022-05-27",,"91","56"
"USW00053907","ARLINGTON MUNICIPAL AIRPORT, TX US","32.65832","-97.09509","179.7","2022-05-28",,"93","67"
"USW00053907","ARLINGTON MUNICIPAL AIRPORT, TX US","32.65832","-97.09509","179.7","2022-05-29",,"94","72"
"USW00053907","ARLINGTON MUNICIPAL AIRPORT, TX US","32.65832","-97.09509","179.7","2022-05-30",,"93","76"
"USW00053907","ARLINGTON MUNICIPAL AIRPORT, TX US","32.65832","-97.09509","179.7","2022-05-31",,"94","77"
"USW00053907","ARLINGTON MUNICIPAL AIRPORT, TX US","32.65832","-97.09509","179.7","2022-06-01",,"91","76"
"USW00053907","ARLINGTON MUNICIPAL AIRPORT, TX US","32.65832","-97.09509","179.7","2022-06-02",,"85","67"
"USW00053907","ARLINGTON MUNICIPAL AIRPORT, TX US","32.65832","-97.09509","179.7","2022-06-03",,"84","69"
"USW00053907","ARLINGTON MUNICIPAL AIRPORT, TX US","32.65832","-97.09509","179.7","2022-06-04",,"88","67"
"USW00053907","ARLINGTON MUNICIPAL AIRPORT, TX US","32.65832","-97.09509","179.7","2022-06-05",,"93","72"
"USW00053907","ARLINGTON MUNICIPAL AIRPORT, TX US","32.65832","-97.09509","179.7","2022-06-06",,"95","76"
"USW00053907","ARLINGTON MUNICIPAL AIRPORT, TX US","32.65832","-97.09509","179.7","2022-06-07",,"94","76"
"USW00053907","ARLINGTON MUNICIPAL AIRPORT, TX US","32.65832","-97.09509","179.7","2022-06-08",,"91","75"
"USW00053907","ARLINGTON MUNICIPAL AIRPORT, TX US","32.65832","-97.09509","179.7","2022-06-09",,"94","75"
"USW00053907","ARLINGTON MUNICIPAL AIRPORT, TX US","32.65832","-97.09509","179.7","2022-06-10",,"98","76"
"USW00053907","ARLINGTON MUNICIPAL AIRPORT, TX US","32.65832","-97.09509","179.7","2022-06-11",,"102","78"
"USW00053907","ARLINGTON MUNICIPAL AIRPORT, TX US","32.65832","-97.09509","179.7","2022-06-12",,"102","80"
"USW00053907","ARLINGTON MUNICIPAL AIRPORT, TX US","32.65832","-97.09509","179.7","2022-06-13",,"99","79"
"USW00053907","ARLINGTON MUNICIPAL AIRPORT, TX US","32.65832","-97.09509","179.7","2022-06-14",,"97","78"
"USW00053907","ARLINGTON MUNICIPAL AIRPORT, TX US","32.65832","-97.09509","179.7","2022-06-15",,"96","79"
"USW00053907","ARLINGTON MUNICIPAL AIRPORT, TX US","32.65832","-97.09509","179.7","2022-06-16",,"99","75"
"USW00053907","ARLINGTON MUNICIPAL AIRPORT, TX US","32.65832","-97.09509","179.7","2022-06-17",,"100","70"
"USW00053907","ARLINGTON MUNICIPAL AIRPORT, TX US","32.65832","-97.09509","179.7","2022-06-18",,"98","76"
"USW00053907","ARLINGTON MUNICIPAL AIRPORT, TX US","32.65832","-97.09509","179.7","2022-06-19",,"99","75"
"USW00053907","ARLINGTON MUNICIPAL AIRPORT, TX US","32.65832","-97.09509","179.7","2022-06-20",,"101","76"
"USW00053907","ARLINGTON MUNICIPAL AIRPORT, TX US","32.65832","-97.09509","179.7","2022-06-21",,"100","76"
"USW00053907","ARLINGTON MUNICIPAL AIRPORT, TX US","32.65832","-97.09509","179.7","2022-06-22",,"99","73"
"USW00053907","ARLINGTON MUNICIPAL AIRPORT, TX US","32.65832","-97.09509","179.7","2022-06-23",,"102","73"
"USW00053907","ARLINGTON MUNICIPAL AIRPORT, TX US","32.65832","-97.09509","179.7","2022-06-24",,"102","79"
"USW00053907","ARLINGTON MUNICIPAL AIRPORT, TX US","32.65832","-97.09509","179.7","2022-06-25",,"101","79"
"USW00053907","ARLINGTON MUNICIPAL AIRPORT, TX US","32.65832","-97.09509","179.7","2022-06-26",,"103","70"
"USW00053907","ARLINGTON MUNICIPAL AIRPORT, TX US","32.65832","-97.09509","179.7","2022-06-27",,"94","75"
"USW00053907","ARLINGTON MUNICIPAL AIRPORT, TX US","32.65832","-97.09509","179.7","2022-06-28",,"93","77"
"USW00053907","ARLINGTON MUNICIPAL AIRPORT, TX US","32.65832","-97.09509","179.7","2022-06-29",,"94","74"
"USW00053907","ARLINGTON MUNICIPAL AIRPORT, TX US","32.65832","-97.09509","179.7","2022-06-30",,"99","69"
"USW00053907","ARLINGTON MUNICIPAL AIRPORT, TX US","32.65832","-97.09509","179.7","2022-07-01",,"95","73"
"USW00053907","ARLINGTON MUNICIPAL AIRPORT, TX US","32.65832","-97.09509","179.7","2022-07-02",,"99","75"
"USW00053907","ARLINGTON MUNICIPAL AIRPORT, TX US","32.65832","-97.09509","179.7","2022-07-03",,"102","80"
"USW00053907","ARLINGTON MUNICIPAL AIRPORT, TX US","32.65832","-97.09509","179.7","2022-07-04",,"100","80"
"USW00053907","ARLINGTON MUNICIPAL AIRPORT, TX US","32.65832","-97.09509","179.7","2022-07-05",,"101","80"
"USW00053907","ARLINGTON MUNICIPAL AIRPORT, TX US","32.65832","-97.09509","179.7","2022-07-06",,"103","80"
"USW00053907","ARLINGTON MUNICIPAL AIRPORT, TX US","32.65832","-97.09509","179.7","2022-07-07",,"103","81"
"USW00053907","ARLINGTON MUNICIPAL AIRPORT, TX US","32.65832","-97.09509","179.7","2022-07-08",,"105","82"
"USW00053907","ARLINGTON MUNICIPAL AIRPORT, TX US","32.65832","-97.09509","179.7","2022-07-09",,"106","77"
"USW00053907","ARLINGTON MUNICIPAL AIRPORT, TX US","32.65832","-97.09509","179.7","2022-07-10",,"103","80"
"USW00053907","ARLINGTON MUNICIPAL AIRPORT, TX US","32.65832","-97.09509","179.7","2022-07-11",,"103","81"
"USW00053907","ARLINGTON MUNICIPAL AIRPORT, TX US","32.65832","-97.09509","179.7","2022-07-12",,"104","77"
"USW00053907","ARLINGTON MUNICIPAL AIRPORT, TX US","32.65832","-97.09509","179.7","2022-07-13",,"105","74"
"USW00053907","ARLINGTON MUNICIPAL AIRPORT, TX US","32.65832","-97.09509","179.7","2022-07-14",,"97","72"
"USW00053907","ARLINGTON MUNICIPAL AIRPORT, TX US","32.65832","-97.09509","179.7","2022-07-15",,"99","70"
"USW00053907","ARLINGTON MUNICIPAL AIRPORT, TX US","32.65832","-97.09509","179.7","2022-07-16",,"99","77"
"USW00053907","ARLINGTON MUNICIPAL AIRPORT, TX US","32.65832","-97.09509","179.7","2022-07-17",,"105","81"
"USW00053907","ARLINGTON MUNICIPAL AIRPORT, TX US","32.65832","-97.09509","179.7","2022-07-18",,"109","83"
"USW00053907","ARLINGTON MUNICIPAL AIRPORT, TX US","32.65832","-97.09509","179.7","2022-07-19",,"108","42"
"USW00053907","ARLINGTON MUNICIPAL AIRPORT, TX US","32.65832","-97.09509","179.7","2022-07-20",,"108","82"
"USW00053907","ARLINGTON MUNICIPAL AIRPORT, TX US","32.65832","-97.09509","179.7","2022-07-21",,"102","83"
"USW00053907","ARLINGTON MUNICIPAL AIRPORT, TX US","32.65832","-97.09509","179.7","2022-07-22",,"100","82"
"USW00053907","ARLINGTON MUNICIPAL AIRPORT, TX US","32.65832","-97.09509","179.7","2022-07-23",,"101","77"
"USW00053907","ARLINGTON MUNICIPAL AIRPORT, TX US","32.65832","-97.09509","179.7","2022-07-24",,"102","81"
"USW00053907","ARLINGTON MUNICIPAL AIRPORT, TX US","32.65832","-97.09509","179.7","2022-07-25",,"104","81"
"USW00053907","ARLINGTON MUNICIPAL AIRPORT, TX US","32.65832","-97.09509","179.7","2022-07-26",,"103","80"
"USW00053907","ARLINGTON MUNICIPAL AIRPORT, TX US","32.65832","-97.09509","179.7","2022-07-27",,"103","81"
"USW00053907","ARLINGTON MUNICIPAL AIRPORT, TX US","32.65832","-97.09509","179.7","2022-07-28",,"102","82"
"USW00053907","ARLINGTON MUNICIPAL AIRPORT, TX US","32.65832","-97.09509","179.7","2022-07-29",,"104","81"
"USW00053907","ARLINGTON MUNICIPAL AIRPORT, TX US","32.65832","-97.09509","179.7","2022-07-30",,"102","82"
"USW00053907","ARLINGTON MUNICIPAL AIRPORT, TX US","32.65832","-97.09509","179.7","2022-07-31",,"104","83"
"USW00053907","ARLINGTON MUNICIPAL AIRPORT, TX US","32.65832","-97.09509","179.7","2022-08-01",,"101","81"
"USW00053907","ARLINGTON MUNICIPAL AIRPORT, TX US","32.65832","-97.09509","179.7","2022-08-02",,"103","83"
"USW00053907","ARLINGTON MUNICIPAL AIRPORT, TX US","32.65832","-97.09509","179.7","2022-08-03",,"103","81"
"USW00053907","ARLINGTON MUNICIPAL AIRPORT, TX US","32.65832","-97.09509","179.7","2022-08-04",,"102","80"
"USW00053907","ARLINGTON MUNICIPAL AIRPORT, TX US","32.65832","-97.09509","179.7","2022-08-05",,"104","81"
"USW00053907","ARLINGTON MUNICIPAL AIRPORT, TX US","32.65832","-97.09509","179.7","2022-08-06",,"99","78"
"USW00053907","ARLINGTON MUNICIPAL AIRPORT, TX US","32.65832","-97.09509","179.7","2022-08-07",,"100","79"
"USW00053907","ARLINGTON MUNICIPAL AIRPORT, TX US","32.65832","-97.09509","179.7","2022-08-08",,"102","81"
"USW00053907","ARLINGTON MUNICIPAL AIRPORT, TX US","32.65832","-97.09509","179.7","2022-08-09",,"102","80"
"USW00053907","ARLINGTON MUNICIPAL AIRPORT, TX US","32.65832","-97.09509","179.7","2022-08-10",,"100","75"
"USW00053907","ARLINGTON MUNICIPAL AIRPORT, TX US","32.65832","-97.09509","179.7","2022-08-11",,"99","74"
"USW00053907","ARLINGTON MUNICIPAL AIRPORT, TX US","32.65832","-97.09509","179.7","2022-08-12",,"98","78"
"USW00053907","ARLINGTON MUNICIPAL AIRPORT, TX US","32.65832","-97.09509","179.7","2022-08-13",,"100","86"
"USW00053907","ARLINGTON MUNICIPAL AIRPORT, TX US","32.65832","-97.09509","179.7","2022-08-14",,"98","74"
"USW00053907","ARLINGTON MUNICIPAL AIRPORT, TX US","32.65832","-97.09509","179.7","2022-08-15",,"100","78"
"USW00053907","ARLINGTON MUNICIPAL AIRPORT, TX US","32.65832","-97.09509","179.7","2022-08-16",,"102","80"
"USW00053907","ARLINGTON MUNICIPAL AIRPORT, TX US","32.65832","-97.09509","179.7","2022-08-17",,"105","74"
"USW00053907","ARLINGTON MUNICIPAL AIRPORT, TX US","32.65832","-97.09509","179.7","2022-08-18",,"89","73"
"USW00053907","ARLINGTON MUNICIPAL AIRPORT, TX US","32.65832","-97.09509","179.7","2022-08-19",,"93","74"
"USW00053907","ARLINGTON MUNICIPAL AIRPORT, TX US","32.65832","-97.09509","179.7","2022-08-20",,"92","75"
"USW00053907","ARLINGTON MUNICIPAL AIRPORT, TX US","32.65832","-97.09509","179.7","2022-08-21",,"92","75"
"USW00053907","ARLINGTON MUNICIPAL AIRPORT, TX US","32.65832","-97.09509","179.7","2022-08-22",,"80","73"
"USW00053907","ARLINGTON MUNICIPAL AIRPORT, TX US","32.65832","-97.09509","179.7","2022-08-23",,"84","73"
"USW00053907","ARLINGTON MUNICIPAL AIRPORT, TX US","32.65832","-97.09509","179.7","2022-08-24",,"90","73"
"USW00053907","ARLINGTON MUNICIPAL AIRPORT, TX US","32.65832","-97.09509","179.7","2022-08-25",,"93","70"
"USW00053907","ARLINGTON MUNICIPAL AIRPORT, TX US","32.65832","-97.09509","179.7","2022-08-26",,"94","72"
"USW00053907","ARLINGTON MUNICIPAL AIRPORT, TX US","32.65832","-97.09509","179.7","2022-08-27",,"96","74"
"USW00053907","ARLINGTON MUNICIPAL AIRPORT, TX US","32.65832","-97.09509","179.7","2022-08-28",,"97","78"
"USW00053907","ARLINGTON MUNICIPAL AIRPORT, TX US","32.65832","-97.09509","179.7","2022-08-29",,"95","78"
"USW00053907","ARLINGTON MUNICIPAL AIRPORT, TX US","32.65832","-97.09509","179.7","2022-08-30",,"89","76"
"USW00053907","ARLINGTON MUNICIPAL AIRPORT, TX US","32.65832","-97.09509","179.7","2022-08-31",,"90","74"
"USW00053907","ARLINGTON MUNICIPAL AIRPORT, TX US","32.65832","-97.09509","179.7","2022-09-01",,"87","73"
"USW00053907","ARLINGTON MUNICIPAL AIRPORT, TX US","32.65832","-97.09509","179.7","2022-09-02",,"83","73"
"USW00053907","ARLINGTON MUNICIPAL AIRPORT, TX US","32.65832","-97.09509","179.7","2022-09-03",,"96","71"
"USW00053907","ARLINGTON MUNICIPAL AIRPORT, TX US","32.65832","-97.09509","179.7","2022-09-04",,"95","69"
"USW00053907","ARLINGTON MUNICIPAL AIRPORT, TX US","32.65832","-97.09509","179.7","2022-09-05",,"92","67"
"USW00053907","ARLINGTON MUNICIPAL AIRPORT, TX US","32.65832","-97.09509","179.7","2022-09-06",,"95","71"
"USW00053907","ARLINGTON MUNICIPAL AIRPORT, TX US","32.65832","-97.09509","179.7","2022-09-07",,"97","70"
"USW00053907","ARLINGTON MUNICIPAL AIRPORT, TX US","32.65832","-97.09509","179.7","2022-09-08",,"94","72"
"USW00053907","ARLINGTON MUNICIPAL AIRPORT, TX US","32.65832","-97.09509","179.7","2022-09-09",,"89","66"
"USW00053907","ARLINGTON MUNICIPAL AIRPORT, TX US","32.65832","-97.09509","179.7","2022-09-10",,"90","63"
"USW00053907","ARLINGTON MUNICIPAL AIRPORT, TX US","32.65832","-97.09509","179.7","2022-09-11",,"85","67"
"USW00053907","ARLINGTON MUNICIPAL AIRPORT, TX US","32.65832","-97.09509","179.7","2022-09-12",,"87","62"
"USW00053907","ARLINGTON MUNICIPAL AIRPORT, TX US","32.65832","-97.09509","179.7","2022-09-13",,"91","64"
"USW00053907","ARLINGTON MUNICIPAL AIRPORT, TX US","32.65832","-97.09509","179.7","2022-09-14",,"90","62"
"USW00053907","ARLINGTON MUNICIPAL AIRPORT, TX US","32.65832","-97.09509","179.7","2022-09-15",,"89","58"
"USW00053907","ARLINGTON MUNICIPAL AIRPORT, TX US","32.65832","-97.09509","179.7","2022-09-16",,"92","79"
"USW00053907","ARLINGTON MUNICIPAL AIRPORT, TX US","32.65832","-97.09509","179.7","2022-09-17",,"94","76"
"USW00053907","ARLINGTON MUNICIPAL AIRPORT, TX US","32.65832","-97.09509","179.7","2022-09-18",,"95","73"
"USW00053907","ARLINGTON MUNICIPAL AIRPORT, TX US","32.65832","-97.09509","179.7","2022-09-19",,"95","72"
"USW00053907","ARLINGTON MUNICIPAL AIRPORT, TX US","32.65832","-97.09509","179.7","2022-09-20",,"98","72"
"USW00053907","ARLINGTON MUNICIPAL AIRPORT, TX US","32.65832","-97.09509","179.7","2022-09-21",,"96","69"
"USW00053907","ARLINGTON MUNICIPAL AIRPORT, TX US","32.65832","-97.09509","179.7","2022-09-22",,"98","63"
"USW00053907","ARLINGTON MUNICIPAL AIRPORT, TX US","32.65832","-97.09509","179.7","2022-09-23",,"97","67"
"USW00053907","ARLINGTON MUNICIPAL AIRPORT, TX US","32.65832","-97.09509","179.7","2022-09-24",,"95","74"
"USW00053907","ARLINGTON MUNICIPAL AIRPORT, TX US","32.65832","-97.09509","179.7","2022-09-25",,"98","65"
"USW00053907","ARLINGTON MUNICIPAL AIRPORT, TX US","32.65832","-97.09509","179.7","2022-09-26",,"87","60"
"USW00053907","ARLINGTON MUNICIPAL AIRPORT, TX US","32.65832","-97.09509","179.7","2022-09-27",,"89","54"
"USW00053907","ARLINGTON MUNICIPAL AIRPORT, TX US","32.65832","-97.09509","179.7","2022-09-28",,"90","58"
"USW00053907","ARLINGTON MUNICIPAL AIRPORT, TX US","32.65832","-97.09509","179.7","2022-09-29",,"83","62"
"USW00053907","ARLINGTON MUNICIPAL AIRPORT, TX US","32.65832","-97.09509","179.7","2022-09-30",,"82","51"
"USW00053907","ARLINGTON MUNICIPAL AIRPORT, TX US","32.65832","-97.09509","179.7","2022-10-01",,"82","47"
"USW00053907","ARLINGTON MUNICIPAL AIRPORT, TX US","32.65832","-97.09509","179.7","2022-10-02",,"83","47"
"USW00053907","ARLINGTON MUNICIPAL AIRPORT, TX US","32.65832","-97.09509","179.7","2022-10-03",,"85","49"
"USW00053907","ARLINGTON MUNICIPAL AIRPORT, TX US","32.65832","-97.09509","179.7","2022-10-04",,"86","52"
"USW00053907","ARLINGTON MUNICIPAL AIRPORT, TX US","32.65832","-97.09509","179.7","2022-10-05",,"88","53"
"USW00053907","ARLINGTON MUNICIPAL AIRPORT, TX US","32.65832","-97.09509","179.7","2022-10-06",,"89","59"
"USW00053907","ARLINGTON MUNICIPAL AIRPORT, TX US","32.65832","-97.09509","179.7","2022-10-07",,"88","59"
"USW00053907","ARLINGTON MUNICIPAL AIRPORT, TX US","32.65832","-97.09509","179.7","2022-10-08",,"81","60"
"USW00053907","ARLINGTON MUNICIPAL AIRPORT, TX US","32.65832","-97.09509","179.7","2022-10-09",,"83","55"
"USW00053907","ARLINGTON MUNICIPAL AIRPORT, TX US","32.65832","-97.09509","179.7","2022-10-10",,"88","60"
"USW00053907","ARLINGTON MUNICIPAL AIRPORT, TX US","32.65832","-97.09509","179.7","2022-10-11",,"85","63"
"USW00053907","ARLINGTON MUNICIPAL AIRPORT, TX US","32.65832","-97.09509","179.7","2022-10-12",,"96","69"
"USW00053907","ARLINGTON MUNICIPAL AIRPORT, TX US","32.65832","-97.09509","179.7","2022-10-13",,"83","53"
"USW00053907","ARLINGTON MUNICIPAL AIRPORT, TX US","32.65832","-97.09509","179.7","2022-10-14",,"88","49"
"USW00053907","ARLINGTON MUNICIPAL AIRPORT, TX US","32.65832","-97.09509","179.7","2022-10-15",,"94","71"
"USW00053907","ARLINGTON MUNICIPAL AIRPORT, TX US","32.65832","-97.09509","179.7","2022-10-16",,"79","65"
"USW00053907","ARLINGTON MUNICIPAL AIRPORT, TX US","32.65832","-97.09509","179.7","2022-10-17",,"71","52"
"USW00053907","ARLINGTON MUNICIPAL AIRPORT, TX US","32.65832","-97.09509","179.7","2022-10-18",,"66","44"
"USW00053907","ARLINGTON MUNICIPAL AIRPORT, TX US","32.65832","-97.09509","179.7","2022-10-19",,"69","35"
"USW00053907","ARLINGTON MUNICIPAL AIRPORT, TX US","32.65832","-97.09509","179.7","2022-10-20",,"86","45"
"USW00053907","ARLINGTON MUNICIPAL AIRPORT, TX US","32.65832","-97.09509","179.7","2022-10-21",,"91","45"
"USW00053907","ARLINGTON MUNICIPAL AIRPORT, TX US","32.65832","-97.09509","179.7","2022-10-22",,"87","64"
"USW00053907","ARLINGTON MUNICIPAL AIRPORT, TX US","32.65832","-97.09509","179.7","2022-10-23",,"86","70"
"USW00053907","ARLINGTON MUNICIPAL AIRPORT, TX US","32.65832","-97.09509","179.7","2022-10-24",,"76","58"
"USW00053907","ARLINGTON MUNICIPAL AIRPORT, TX US","32.65832","-97.09509","179.7","2022-10-25",,"72","45"
"USW00053907","ARLINGTON MUNICIPAL AIRPORT, TX US","32.65832","-97.09509","179.7","2022-10-26",,"73","41"
"USW00053907","ARLINGTON MUNICIPAL AIRPORT, TX US","32.65832","-97.09509","179.7","2022-10-27",,"76","50"
"USW00053907","ARLINGTON MUNICIPAL AIRPORT, TX US","32.65832","-97.09509","179.7","2022-10-28",,"63","53"
"USW00053907","ARLINGTON MUNICIPAL AIRPORT, TX US","32.65832","-97.09509","179.7","2022-10-29",,"65","56"
"USW00053907","ARLINGTON MUNICIPAL AIRPORT, TX US","32.65832","-97.09509","179.7","2022-10-30",,"76","52"
"USW00053907","ARLINGTON MUNICIPAL AIRPORT, TX US","32.65832","-97.09509","179.7","2022-10-31",,"78","49"
"USW00053907","ARLINGTON MUNICIPAL AIRPORT, TX US","32.65832","-97.09509","179.7","2022-11-01",,"77","52"
"USW00053907","ARLINGTON MUNICIPAL AIRPORT, TX US","32.65832","-97.09509","179.7","2022-11-02",,"75","54"
"USW00053907","ARLINGTON MUNICIPAL AIRPORT, TX US","32.65832","-97.09509","179.7","2022-11-03",,"82","66"
"USW00053907","ARLINGTON MUNICIPAL AIRPORT, TX US","32.65832","-97.09509","179.7","2022-11-04",,"80","50"
"USW00053907","ARLINGTON MUNICIPAL AIRPORT, TX US","32.65832","-97.09509","179.7","2022-11-05",,"68","42"
"USW00053907","ARLINGTON MUNICIPAL AIRPORT, TX US","32.65832","-97.09509","179.7","2022-11-06",,"83","54"
"USW00053907","ARLINGTON MUNICIPAL AIRPORT, TX US","32.65832","-97.09509","179.7","2022-11-07",,"82","61"
"USW00053907","ARLINGTON MUNICIPAL AIRPORT, TX US","32.65832","-97.09509","179.7","2022-11-08",,"81","66"
"USW00053907","ARLINGTON MUNICIPAL AIRPORT, TX US","32.65832","-97.09509","179.7","2022-11-09",,"83","67"
"USW00053907","ARLINGTON MUNICIPAL AIRPORT, TX US","32.65832","-97.09509","179.7","2022-11-10",,"75","64"
"USW00053907","ARLINGTON MUNICIPAL AIRPORT, TX US","32.65832","-97.09509","179.7","2022-11-11",,"68","40"
"USW00053907","ARLINGTON MUNICIPAL AIRPORT, TX US","32.65832","-97.09509","179.7","2022-11-12",,"53","32"
"USW00053907","ARLINGTON MUNICIPAL AIRPORT, TX US","32.65832","-97.09509","179.7","2022-11-13",,"54","28"
"USW00053907","ARLINGTON MUNICIPAL AIRPORT, TX US","32.65832","-97.09509","179.7","2022-11-14",,"47","42"
"USW00053907","ARLINGTON MUNICIPAL AIRPORT, TX US","32.65832","-97.09509","179.7","2022-11-15",,"47","37"
"USW00053907","ARLINGTON MUNICIPAL AIRPORT, TX US","32.65832","-97.09509","179.7","2022-11-16",,"56","36"
"USW00053907","ARLINGTON MUNICIPAL AIRPORT, TX US","32.65832","-97.09509","179.7","2022-11-17",,"61","30"
"USW00053907","ARLINGTON MUNICIPAL AIRPORT, TX US","32.65832","-97.09509","179.7","2022-11-18",,"50","33"
"USW00053907","ARLINGTON MUNICIPAL AIRPORT, TX US","32.65832","-97.09509","179.7","2022-11-19",,"45","31"
"USW00053907","ARLINGTON MUNICIPAL AIRPORT, TX US","32.65832","-97.09509","179.7","2022-11-20",,"52","26"
"USW00053907","ARLINGTON MUNICIPAL AIRPORT, TX US","32.65832","-97.09509","179.7","2022-11-21",,"53","42"
"USW00053907","ARLINGTON MUNICIPAL AIRPORT, TX US","32.65832","-97.09509","179.7","2022-11-22",,"60","45"
"USW00053907","ARLINGTON MUNICIPAL AIRPORT, TX US","32.65832","-97.09509","179.7","2022-11-23",,"59","52"
"USW00053907","ARLINGTON MUNICIPAL AIRPORT, TX US","32.65832","-97.09509","179.7","2022-11-24",,"59","54"
"USW00053907","ARLINGTON MUNICIPAL AIRPORT, TX US","32.65832","-97.09509","179.7","2022-11-25",,"58","52"
"USW00053907","ARLINGTON MUNICIPAL AIRPORT, TX US","32.65832","-97.09509","179.7","2022-11-26",,"57","48"
"USW00053907","ARLINGTON MUNICIPAL AIRPORT, TX US","32.65832","-97.09509","179.7","2022-11-27",,"64","43"
"USW00053907","ARLINGTON MUNICIPAL AIRPORT, TX US","32.65832","-97.09509","179.7","2022-11-28",,"69","36"
